[
  {
    "value": "Business Skills",
    "synonyms": [
      "Business Skills"
    ]
  },
  {
    "value": "Machine Learning",
    "synonyms": [
      "Machine Learning",
      "deep learning",
      "neural network"
    ]
  },
  {
    "value": "Management and Leadership",
    "synonyms": [
      "Management and Leadership"
    ]
  },
  {
    "value": "Big Data",
    "synonyms": [
      "Big Data"
    ]
  },
  {
    "value": "Cloud Computing",
    "synonyms": [
      "Cloud Computing"
    ]
  },
  {
    "value": "Software Design and Development",
    "synonyms": [
      "Software Design and Development"
    ]
  },
  {
    "value": "Project Management",
    "synonyms": [
      "Project Management"
    ]
  }
]