[
  {
    "id": "b81299ba-1161-479a-8489-2fa78b963215",
    "data": [
      {
        "text": "ask elearning assist",
        "userDefined": false
      }
    ],
    "isTemplate": false,
    "count": 0,
    "updated": 1543569959
  },
  {
    "id": "6131a0a2-56f4-4cac-a4e6-66fdcdce4006",
    "data": [
      {
        "text": "just going to say hi",
        "userDefined": false
      }
    ],
    "isTemplate": false,
    "count": 0,
    "updated": 1543411927
  },
  {
    "id": "a6f85f44-9a0e-4c43-8d1d-d1f9fffbba71",
    "data": [
      {
        "text": "heya",
        "userDefined": false
      }
    ],
    "isTemplate": false,
    "count": 0,
    "updated": 1543411927
  },
  {
    "id": "ae687fd6-4f93-4639-ae77-20dd6d23ee6b",
    "data": [
      {
        "text": "hello hi",
        "userDefined": false
      }
    ],
    "isTemplate": false,
    "count": 0,
    "updated": 1543411927
  },
  {
    "id": "f530c317-3544-435e-82f2-243565015c8d",
    "data": [
      {
        "text": "howdy",
        "userDefined": false
      }
    ],
    "isTemplate": false,
    "count": 0,
    "updated": 1543411927
  },
  {
    "id": "deb08bc1-d550-4325-92c9-3f487f1d11fc",
    "data": [
      {
        "text": "hey there",
        "userDefined": false
      }
    ],
    "isTemplate": false,
    "count": 0,
    "updated": 1543411927
  },
  {
    "id": "f639d56a-a9c5-4b8c-9d40-48a3e53277a2",
    "data": [
      {
        "text": "hi there",
        "userDefined": false
      }
    ],
    "isTemplate": false,
    "count": 1,
    "updated": 1543411927
  },
  {
    "id": "082ff5e0-0242-4896-aea8-7f0d9e98ed85",
    "data": [
      {
        "text": "greetings",
        "userDefined": false
      }
    ],
    "isTemplate": false,
    "count": 0,
    "updated": 1543411927
  },
  {
    "id": "0f1c5e69-9a54-4a08-92bb-d1e701192f90",
    "data": [
      {
        "text": "hey",
        "userDefined": false
      }
    ],
    "isTemplate": false,
    "count": 0,
    "updated": 1543411927
  },
  {
    "id": "cdc4aa60-f892-4ee9-a489-9116c4a70f10",
    "data": [
      {
        "text": "long time no see",
        "userDefined": false
      }
    ],
    "isTemplate": false,
    "count": 0,
    "updated": 1543411927
  },
  {
    "id": "6bfbc0b1-a6b7-470c-afff-5f70c33f8249",
    "data": [
      {
        "text": "hello",
        "userDefined": false
      }
    ],
    "isTemplate": false,
    "count": 0,
    "updated": 0
  },
  {
    "id": "85567a96-f1fa-4806-9bac-ed7da94f7435",
    "data": [
      {
        "text": "lovely day isn\u0027t it",
        "userDefined": false
      }
    ],
    "isTemplate": false,
    "count": 0,
    "updated": 0
  },
  {
    "id": "5a7ff81a-89fe-4278-951c-993cb962fd1e",
    "data": [
      {
        "text": "I greet you",
        "userDefined": false
      }
    ],
    "isTemplate": false,
    "count": 0,
    "updated": 0
  },
  {
    "id": "fb1e7d00-9939-4929-b93a-d2f0ac430912",
    "data": [
      {
        "text": "hello again",
        "userDefined": false
      }
    ],
    "isTemplate": false,
    "count": 0,
    "updated": 0
  },
  {
    "id": "049566f8-9209-430c-9e4e-640fd135c999",
    "data": [
      {
        "text": "hi",
        "userDefined": false
      }
    ],
    "isTemplate": false,
    "count": 0,
    "updated": 0
  },
  {
    "id": "a5589bcd-c63c-42a4-9a3c-984dcd31a4b8",
    "data": [
      {
        "text": "hello there",
        "userDefined": false
      }
    ],
    "isTemplate": false,
    "count": 0,
    "updated": 0
  },
  {
    "id": "c7b6d798-3231-49f9-9e96-141a30822473",
    "data": [
      {
        "text": "a good day",
        "userDefined": false
      }
    ],
    "isTemplate": false,
    "count": 0,
    "updated": 0
  }
]