[
  {
    "id": "336864f0-51d1-43b5-bca1-283962680c07",
    "data": [
      {
        "text": "Take my ",
        "userDefined": false
      },
      {
        "text": "Big Data",
        "alias": "Topics",
        "meta": "@Topics",
        "userDefined": true
      },
      {
        "text": " course",
        "userDefined": false
      }
    ],
    "isTemplate": false,
    "count": 0,
    "updated": 1543327490
  },
  {
    "id": "04f5ce33-7fe1-4b46-ad05-1d8ac13028e4",
    "data": [
      {
        "text": "I want to take my ",
        "userDefined": false
      },
      {
        "text": "Machine Learning",
        "alias": "Topics",
        "meta": "@Topics",
        "userDefined": true
      },
      {
        "text": " course",
        "userDefined": false
      }
    ],
    "isTemplate": false,
    "count": 0,
    "updated": 1543321724
  }
]