[
  {
    "id": "13a31204-4630-4a31-a6c5-722b12be5729",
    "data": [
      {
        "text": "sure",
        "userDefined": false
      }
    ],
    "isTemplate": false,
    "count": 0,
    "updated": 1543587339
  },
  {
    "id": "7b940b25-4895-448d-8fec-37876d8795a1",
    "data": [
      {
        "text": "enroll this course",
        "userDefined": false
      }
    ],
    "isTemplate": false,
    "count": 0,
    "updated": 1543587339
  },
  {
    "id": "9e15344d-f91c-4d0e-9255-9add9d7abc52",
    "data": [
      {
        "text": "enroll course",
        "userDefined": false
      }
    ],
    "isTemplate": false,
    "count": 0,
    "updated": 1543587339
  },
  {
    "id": "7a725fd8-97bf-4227-bac9-05a14520e3e8",
    "data": [
      {
        "text": "enroll",
        "userDefined": false
      }
    ],
    "isTemplate": false,
    "count": 0,
    "updated": 1543587339
  },
  {
    "id": "750b128a-54cb-46cb-86f3-9faf823f7706",
    "data": [
      {
        "text": "Yes",
        "userDefined": false
      }
    ],
    "isTemplate": false,
    "count": 0,
    "updated": 1543587295
  }
]