[
  {
    "id": "29414052-697e-433e-9d39-5d5a5646effd",
    "data": [
      {
        "text": "Search ",
        "userDefined": false
      },
      {
        "text": "Big Data",
        "alias": "topics",
        "meta": "@Topics",
        "userDefined": false
      }
    ],
    "isTemplate": false,
    "count": 0,
    "updated": 1543573071
  },
  {
    "id": "05d21421-ea08-44d3-a950-84847b8d35ec",
    "data": [
      {
        "text": "Find ",
        "userDefined": false
      },
      {
        "text": "Big Data",
        "alias": "topics",
        "meta": "@Topics",
        "userDefined": false
      }
    ],
    "isTemplate": false,
    "count": 0,
    "updated": 1543573071
  },
  {
    "id": "e28a8445-ec96-4f95-a582-a50626f896aa",
    "data": [
      {
        "text": "Tell me about ",
        "userDefined": false
      },
      {
        "text": "Big Data",
        "alias": "topics",
        "meta": "@Topics",
        "userDefined": true
      }
    ],
    "isTemplate": false,
    "count": 0,
    "updated": 1543327387
  },
  {
    "id": "e499a32e-ed5f-4121-b4b7-56b5536182d1",
    "data": [
      {
        "text": "I need to learn about ",
        "userDefined": false
      },
      {
        "text": "Big Data",
        "alias": "topics",
        "meta": "@Topics",
        "userDefined": true
      }
    ],
    "isTemplate": false,
    "count": 0,
    "updated": 1543322697
  },
  {
    "id": "b1c08d6f-7db5-43b7-b19d-c98d46cb7c30",
    "data": [
      {
        "text": "I want to learn about ",
        "userDefined": false
      },
      {
        "text": "Big Data",
        "alias": "topics",
        "meta": "@Topics",
        "userDefined": true
      }
    ],
    "isTemplate": false,
    "count": 0,
    "updated": 1543321622
  },
  {
    "id": "ed2f43e8-fab4-4263-a5d7-600663763c60",
    "data": [
      {
        "text": "Is there a course about ",
        "userDefined": false
      },
      {
        "text": "Big Data",
        "alias": "topics",
        "meta": "@Topics",
        "userDefined": false
      }
    ],
    "isTemplate": false,
    "count": 0,
    "updated": 1543321203
  }
]