[
  {
    "id": "65c963e6-13b3-4615-aa19-59d23bb94194",
    "data": [
      {
        "text": "I forget my password",
        "userDefined": false
      }
    ],
    "isTemplate": false,
    "count": 0,
    "updated": 1543573148
  },
  {
    "id": "7a36a0d3-5913-402a-bece-5e4e87ab4578",
    "data": [
      {
        "text": "I want to change my password",
        "userDefined": false
      }
    ],
    "isTemplate": false,
    "count": 0,
    "updated": 1543573148
  },
  {
    "id": "56a7a6bf-679a-46f0-a07e-4896015ac664",
    "data": [
      {
        "text": "I want to reset my password",
        "userDefined": false
      }
    ],
    "isTemplate": false,
    "count": 0,
    "updated": 1543322213
  }
]