[
  {
    "id": "970d4acd-3b0a-43be-998b-b1fe778c1614",
    "data": [
      {
        "text": "give some feedback",
        "userDefined": false
      }
    ],
    "isTemplate": false,
    "count": 0,
    "updated": 1543562628
  },
  {
    "id": "be6edfa0-2ef3-4067-a193-c08fccfafea2",
    "data": [
      {
        "text": "I want to give ",
        "userDefined": false
      },
      {
        "text": "feedback",
        "meta": "@sys.ignore",
        "userDefined": true
      }
    ],
    "isTemplate": false,
    "count": 0,
    "updated": 1543562628
  },
  {
    "id": "aa2d3661-6e8d-4f17-ae5f-cb38a3af1bbc",
    "data": [
      {
        "text": "I would rate it at ",
        "userDefined": false
      },
      {
        "text": "3",
        "alias": "rating",
        "meta": "@rating",
        "userDefined": true
      }
    ],
    "isTemplate": false,
    "count": 0,
    "updated": 1543562628
  },
  {
    "id": "5478419b-36b7-467b-a026-f986d7fbc9da",
    "data": [
      {
        "text": "I would like to leave ",
        "userDefined": false
      },
      {
        "text": "some",
        "meta": "@sys.ignore",
        "userDefined": true
      },
      {
        "text": " feedback",
        "userDefined": false
      }
    ],
    "isTemplate": false,
    "count": 0,
    "updated": 1543562628
  },
  {
    "id": "2c50dd91-90e2-4ec3-a802-5b82a1461a1e",
    "data": [
      {
        "text": "I think my rating is ",
        "userDefined": false
      },
      {
        "text": "5",
        "alias": "rating",
        "meta": "@rating",
        "userDefined": false
      }
    ],
    "isTemplate": false,
    "count": 0,
    "updated": 1543323378
  }
]